{
  "welcomeFile": "/index.html",
  "authenticationMethod": "route",
  "routes": [
    {
      "source": "^/Gerenciamento/(.*)$",
      "target": "/Gerenciamento/$1",
      "destination": "GestorDeGastos-srv-api",
      "csrfProtection": false,
      "authenticationType": "xsuaa"
    },
    {
      "source": "^(.*)$",
      "target": "$1",
      "service": "html5-apps-repo-rt",
      "authenticationType": "xsuaa"
    },
    {
      "source": "^/?odata/(.*)$",
      "target": "/odata/$1",
      "destination": "GestorDeGastos-srv-api",
      "authenticationType": "xsuaa",
      "csrfProtection": true
    }
  ]
}
